Address,Email,MailConsent,Tag,Phone Number
"200 N Emmett St, Albertville, AL, United States, Alabama",repairs@cpr-albertville.com,subscribed,CPR,(256) 660-0555
"1827 13th Ave N, Bessemer, AL, United States, Alabama",repairs@cpr-bessemer.com,subscribed,CPR,(205) 434-4449
"227 Fieldstown Rd, Gardendale, AL, United States, Alabama",repairs@cpr-gardendale.com,subscribed,CPR,(205) 285-9365
"3075 John Hawkins Parkway, Hoover, AL, United States, Alabama",repairs@cpr-hoover.com,subscribed,CPR,(205) 558-9355
"7914 Memorial Pkwy SW, Suite B4, Huntsville, AL, United States, Alabama",repairs@cpr-huntsville.com,subscribed,CPR,(256) 678-7378
"8525 Whitfield Ave, #129, Leeds, AL, United States, Alabama",repairs@cpr-leeds.com,subscribed,CPR,(205) 702-6144
"446 16 Ave NE, Calgary, AB, Canada, Alberta",repairs@cpr-northcalgary.com,subscribed,CPR,+1 403-831-2225
"11 Bellerose Drive, Unit #13, Saint Albert, AB, Canada, Alberta",repairs@cpr-stalbert.com,subscribed,CPR,+1 780-460-0277
"3655 W Anthem Way, Space B-131, Anthem, AZ, United States, Arizona",repairs@cpr-anthem.com,subscribed,CPR,(623) 230-2918
"2827 N Central Ave, Phoenix, AZ, United States, Arizona",repairs@cpr-centralphoenix.com,subscribed,CPR,(602) 354-8126
"995 W Elliot Rd, Suite 3, Chandler, AZ, United States, Arizona",repairs@cpr-chandler.com,subscribed,CPR,(480) 605-3700
"3518 E Rte 66, Suite 103, Flagstaff, AZ, United States, Arizona",repairs@cpr-flagstaff.com,subscribed,CPR,(928) 433-6600
"15525 W Roosevelt St, Suite 109, Goodyear, AZ, United States, Arizona",repairs@cpr-goodyear.com,subscribed,CPR,(623) 932-5001
"2920 N Power Rd, Suite 104, Mesa, AZ, United States, Arizona",mesa.northpower@cpr-stores.com,subscribed,CPR,(480) 808-8979
"7625 W Lower Buckeye Road, Suite 135, Phoenix, AZ, United States, Arizona",phxbuckeyerd@cpr-stores.com,subscribed,CPR,(623) 387-8280
"3510 East Bell Road, Suite 20, Phoenix, AZ, United States, Arizona",phoenix.eastbell@cpr-stores.com,subscribed,CPR,(602) 777-3978
"8980 Talking Stick Way, Ste D5B, Scottsdale, AZ, United States, Arizona",repairs@cpr-scottsdaleaz.com,subscribed,CPR,(480) 362-9200
"2340 E. Baseline Road, Suite 168, Phoenix, AZ, United States, Arizona",info@cpr-Southmountain.com,subscribed,CPR,(602) 888-3925
"9897 W. McDowell Rd., Suite 740-H, Tolleson, AZ, United States, Arizona",repairs@cpr-tolleson.com,subscribed,CPR,(602) 434-3008
"5309 AR-5, Ste 140, Bryant, AR, United States, Arkansas",repairs@cpr-bryant.com,subscribed,CPR,(501) 500-8055
"2070 John Harden Dr. Suite M, Jacksonville, AR, United States, Arkansas",repairs@cpr-jacksonvillear.com,subscribed,CPR,(501) 232-2358
"416 S. University Ave Suite 120, Little Rock, AR, United States, Arkansas",repairs@cpr-littlerock.com,subscribed,CPR,(501) 500-0277
"4500 W. Walnut St, Ste 2, Rogers, AR, United States, Arkansas",cstaudt@cpr-stores.com,subscribed,CPR,(479) 633-8877
"11121 N Rodney Parham Rd #30B, Little Rock, AR, United States, Arkansas",repairs@cpr-littlerock-west.com,subscribed,CPR,(501) 221-1155
"8388 128 Street, #3, Surrey, BC, Canada, British Columbia",repairs@cpr-surrey.com,subscribed,CPR,+1 604-503-6707
"1272 Pacific BLVD, Vancouver, BC, Canada, British Columbia",repairs@cpr-vancouver-dwntwn.com,subscribed,CPR,+1 778-737-5777
"1830 W Broadway, Vancouver, BC, Canada, British Columbia",repairs@cpr-vancouver-westbroadway.com,subscribed,CPR,+1 778-713-0001
"5642 E La Palma Ave, Suite 208, Anaheim, CA, United States, California",repairs@cpr-anaheimhills.com,subscribed,CPR,(714) 694-7020
"5865 Lone Tree Way, Suite K, Antioch, CA, United States, California",Repairs@cpr-antioch.com,subscribed,CPR,(925) 237-9940
"13061 Rosedale Hwy, Suite F, Bakersfield, CA, United States, California",scott@cpr-bakersfield.com,subscribed,CPR,(661) 589-3921
"1802 W Olive Ave, Burbank, CA, United States, California",repairs@cpr-burbank.com,subscribed,CPR,(818) 260-0001
"2744 Carlsbad Blvd, Ste 112, Carlsbad, CA, United States, California",repairs@cpr-carlsbadcal.com,subscribed,CPR,(760) 637-5070
"9864 De Soto Ave, Chatsworth, CA, United States, California",repairs@cpr-chatsworth.com,subscribed,CPR,(818) 678-9590
"1304 Mangrove Ave, Chico, CA, United States, California",sceballos@cpr-stores.com,subscribed,CPR,(530) 720-3796
"1750 East Palomar Street, Suite 4, Chula Vista, CA, United States, California",cellphonerepair.com/chula-vista-ca,subscribed,CPR,(619) 392-5737
"10063 Valley View Street, Cypress, CA, United States, California",repairs@cpr-cypress.com,subscribed,CPR,(714) 827-4277
"12571 Limonite Ave., Suite 250, Eastvale, CA, United States, California",repairs@cpr-eastvale.com,subscribed,CPR,(951) 790-0011
"426 W 2nd Ave., Suite A, Escondido, CA, United States, California",repairs@cpr-escondido.com,subscribed,CPR,(760) 738-5552
"787 1st Street, Gilroy, CA, United States, California",repairs@cpr-gilroy.com,subscribed,CPR,(408) 214-1515
"16204 Devonshire St, Granada Hills, CA, United States, California",repairs@cpr-granadahills.com,subscribed,CPR,(818) 792-3355
"1760 Airline Hwy, Suite H1, Hollister, CA, United States, California",repairs@cpr-hollister.com,subscribed,CPR,(831) 900-0222
"639 9th St, Imperial Beach, CA, United States, California",imperialbeach@cpr-stores.com,subscribed,CPR,(619) 851-0320
"1486 West Whittier Blvd, La Habra, CA, United States, California",lahabra@cpr-stores.com,subscribed,CPR,(562) 451-3460
"27901 La Paz Rd, Suite I, Laguna Niguel, CA, United States, California",repairs@cpr-lagunaniguel.com,subscribed,CPR,(949) 445-6969
"17600 Collier Ave, Suite A107, Lake Elsinore, CA, United States, California",lakeelsinore@cpr-stores.com,subscribed,CPR,(951) 215-6802
"2414 W Kettleman Ln, Suite 208, Lodi, CA, United States, California",Lodi@cpr-stores.com,subscribed,CPR,(209) 835-8096
"1804 N Tustin St, Orange, CA, United States, California",repairs@cpr-orange.com,subscribed,CPR,(714) 202-2540
"13448 Poway Rd, Poway, CA, United States, California",ravi@cpr-poway.com,subscribed,CPR,(858) 668-7446
"1850 Douglas Blvd. Suite 402, Roseville, CA, United States, California",store@cpr-roseville.com,subscribed,CPR,(916) 772-2772
"2721 Del Paso Rd. Suite 130, Sacramento, CA, United States, California",repairs@cpr-sacramentoca.com,subscribed,CPR,(916) 829-7625
"1690 N. Main St, #C, Salinas, CA, United States, California",repairs@CPR-salinas-north.com,subscribed,CPR,(831) 296-1234
"729 S Main St, Salinas, CA, United States, California",repairs@cpr-salinas-south.com,subscribed,CPR,(831) 676-3234
"7007 Friars Rd, San Diego, CA, United States, California",repairs@cpr-sdfashionvalleymall.com,subscribed,CPR,(619) 293-3637
"13223 Black Mountain Rd, Suite 6, San Diego, CA, United States, California",repairs@cpr-ranchopenasquitos.com,subscribed,CPR,(858) 240-7529
"18562 Prospect Rd, Ste B, San Jose, CA, United States, California",cellphonerepair.com/san-jose-prospect-ca,subscribed,CPR,(408) 703-4215
"820 Playa Ave, Sand City, CA, United States, California",repairs@cpr-sandcity.com,subscribed,CPR,(831) 900-0444
"40335 Winchester Rd, Suite H, Temecula, CA, United States, California",temecula901349@cpr-stores.com,subscribed,CPR,(951) 528-6387
"3178 E Thousand Oaks Blvd, Thousand Oaks, CA, United States, California",repairs@cpr-thousandoaks.com,subscribed,CPR,(805) 449-1177
"13444 Newport Ave, Ste B, Tustin, CA, United States, California",repairs@cpr-tustin.com,subscribed,CPR,(714) 573-8900
"1502 5th St, Twentynine Palms, CA, United States, California",repairs@cpr-twentyninepalms.com,subscribed,CPR,(760) 830-0355
"1883 N Campus Ave, Suite A, Upland, CA, United States, California",repairs@cpr-upland.com,subscribed,CPR,(909) 576-9900
"1908 Hacienda Dr, Vista, CA, United States, California",repairs@cpr-vistaca.com,subscribed,CPR,(760) 295-0330
"1056 S Green Valley Rd, Watsonville, CA, United States, California",repairs@cpr-watsonville.com,subscribed,CPR,(831) 851-1234
"1780 E Main Street, Suite 400, Woodland, CA, United States, California",repairs@cpr-woodland.com,subscribed,CPR,(530) 379-2800
"17062 E. Quincy Avenue, Suite B, Aurora, CO, United States, Colorado",aurora@cpr-stores.com,subscribed,CPR,(303) 800-3960
"3440 N. Academy Blvd, Colorado Springs, CO, United States, Colorado",repairs@cpr-coloradosprings.com,subscribed,CPR,(719) 573-6154
"1531 Stout Street, Denver, CO, United States, Colorado",cpr.denver.nco@gmail.com,subscribed,CPR,(720) 508-8463
"238 E. Harmony Rd., Fort Collins, CO, United States, Colorado",repairs@cpr-ftcollins.com,subscribed,CPR,(970) 225-9277
"1281 E. 120th Ave, Unit C., Thornton, CO, United States, Colorado",repairs@cpr-thornton.com,subscribed,CPR,(303) 920-0499
"1933 18th St NW , Washington D.C., DC, United States, Washington, District of Columbia",repairs@cpr-washingtondc.com,subscribed,CPR,(202) 361-4351
"1600 Gulf to Bay Blvd, Clearwater, FL, United States, Florida",repairs@cpr-clearwater.com,subscribed,CPR,(727) 369-6811
"648 South Ferdon Blvd, Crestview, FL, United States, Florida",repairs@cpr-crestview.com,subscribed,CPR,(850) 988-3579
"2607 S Woodland Blvd, DeLand, FL, United States, Florida",repairs@cpr-delandfl.com,subscribed,CPR,(386) 734-6390
"3015 South Federal Highway, Delray Beach, FL, United States, Florida",delraybeach@cpr-stores.com,subscribed,CPR,(561) 590-5475
"2882 David Walker Dr, Eustis, FL, United States, Florida",repairs@cpr-eustis.com,subscribed,CPR,(352) 800-4974
"1152 W Osceola Pkwy, Kissimmee, FL, United States, Florida",kissimmeen@cpr-stores.com,subscribed,CPR,(689) 210-5574
"401 Mary Esther Blvd, Suite C, Mary Esther, FL, United States, Florida",repairs@cpr-maryesther.com,subscribed,CPR,(850) 226-7991
"11200 Southwest 8th St., GC 219, Miami Gardens, FL, United States, Florida",miamifiu@cpr-stores.com,subscribed,CPR,(305) 924-5290
"14591 SW 120th St, Miami, FL, United States, Florida",repairs@cpr-thehammocks.com,subscribed,CPR,(786) 233-8409
"1515 E Fletcher Ave., Suite D, Tampa, FL, United States, Florida",repairs@cpr-northtampa.com,subscribed,CPR,(813) 866-5700
"3150 S Orange Ave, Orlando, FL, United States, Florida",repairs@cpr-orlando.com,subscribed,CPR,(407) 863-8460
"1244 Palm Coast Pkwy SW, Palm Coast, FL, United States, Florida",repairs@cpr-palmcoast.com,subscribed,CPR,(386) 449-7965
"2010 US-98 Unit B103, Santa Rosa Beach, FL, United States, Florida",repairs@cpr-santarosabeach.com,subscribed,CPR,(850) 622-1660
"229 US Hwy 27 North, Sebring, FL, United States, Florida",repairs@cpr-sebring.com,subscribed,CPR,(863) 314-6078
"5225 4th St N, Suite A, Saint Petersburg, FL, United States, Florida",cprstpetersburg@gmail.com,subscribed,CPR,(727) 551-4181
"1492 Apalachee Parkway, Unit 11, Tallahassee, FL, United States, Florida",repairs@cpr-tallahassee.com,subscribed,CPR,(850) 656-5678
"4506 W. Kennedy Boulevard, Tampa, FL, United States, Florida",repairs@cpr-tampafl.com,subscribed,CPR,(813) 443-1623
"210 Robert C Daniel Jr. Pkwy, Suite B, Augusta, GA, United States, Georgia",fayek@cpr-augusta.com,subscribed,CPR,(706) 733-2613
"3410 Buford Dr. NE, Suite G410, Buford, GA, United States, Georgia",repairs@cpr-buford.com,subscribed,CPR,(770) 945-9333
"6401 Whitesville Rd, Suite 400, Columbus, GA, United States, Georgia",repairs@cpr-columbusga.com,subscribed,CPR,(706) 642-0071
"391 Quill Drive Suite 140, Dawsonville, GA, United States, Georgia",dawsonvillega@cpr-stores.com,subscribed,CPR,(770) 880-6654
"2566 Briarcliff Rd NE, Suite 108, Atlanta, GA, United States, Georgia",druidhills@cpr-stores.com,subscribed,CPR,(404) 458-3913
"1632 Veterans Blvd Suite C, Dublin, GA, United States, Georgia",repairs@cpr-dublinga.com,subscribed,CPR,(478) 304-1916
"2200 Duluth Hwy, Suite BR102, Duluth, GA, United States, Georgia",repairs@cpr-duluth.com,subscribed,CPR,(678) 691-8787
"5855 Spout Springs Rd, Suite A405, Flowery Branch, GA, United States, Georgia",flowerybranch@cpr-stores.com,subscribed,CPR,(770) 530-0571
"475 Dawsonville Highway Suite C , Gainesville, GA, United States, Georgia",gainesvillega@cpr-stores.com,subscribed,CPR,(770) 654-1117
"3139 Cobb Parkway NW #110, Kennesaw, GA, United States, Georgia",repairs@cpr-kennesaw-deerfield.com,subscribed,CPR,(770) 693-7951
"2929 Turner Hill Rd Suite 1195, Lithonia, GA, United States, Georgia",solutioncpr@gmail.com,subscribed,CPR,(770) 484-1445
"1989 Jonesboro road, McDonough, GA, United States, Georgia",repairs@cpr-mcdonough.com,subscribed,CPR,(678) 782-5777
"210 Martin Luther King Jr. Blvd, Monroe, GA, United States, Georgia",repairs@cpr-monroega.com,subscribed,CPR,(678) 635-0453
"1687 Bass Rd, Suite 105, Macon, GA, United States, Georgia",repairs@cpr-northmacon.com,subscribed,CPR,(478) 216-5256
"400 Shorter Ave NW, Rome, GA, United States, Georgia",repairs@cpr-rome.com,subscribed,CPR,(706) 291-8400
"1708 Scenic Hwy N, Snellville, GA, United States, Georgia",repairs@cpr-snellville.com,subscribed,CPR,(770) 985-1500
"2945 Watson Blvd Suite 100, Warner Robins, GA, United States, Georgia",repairs@cpr-warnerrobins.com,subscribed,CPR,(478) 242-1426
"70 N Broad St. Suite A, Winder, GA, United States, Georgia",repairs@cpr-winder.com,subscribed,CPR,(678) 400-9911
"100 E Neider Ave, #1, Coeur d'Alene, ID, United States, Idaho",repairs@cpr-coeurdalene.com,subscribed,CPR,(208) 667-0667
"118 E. Fairview Ave, Meridian, ID, United States, Idaho",repairs@cpr-meridianid.com,subscribed,CPR,(208) 621-2525
"2978 Ogden Ave, Aurora, IL, United States, Illinois",aurorail@cpr-stores.com,subscribed,CPR,(312) 758-8112
"765 E. Boughton Rd., Bolingbrook, IL, United States, Illinois",sales@cpr-bolingbrook.com,subscribed,CPR,(630) 948-7650
"4007 N Damen Ave, Chicago, IL, United States, Illinois",Navarro.investments@gmail.com,subscribed,CPR,(773) 696-5950
"918 W Madison St, Chicago, IL, United States, Illinois",repairs@cpr-chicago-westloop.com,subscribed,CPR,(773) 741-1477
"2415 Bowes Rd, Suite 109, Elgin, IL, United States, Illinois",repairs@cpr-elgin.com,subscribed,CPR,(847) 787-7060
"103A Frey Lane, Fairview Heights, IL, United States, Illinois",repairs@cpr-fairviewheights.com,subscribed,CPR,(618) 589-4981
"4235 IL State Route 159, Glen Carbon, IL, United States, Illinois",repairs@cpr-glencarbon.com,subscribed,CPR,(618) 307-5911
"1854 1st Street, Highland Park, IL, United States, Illinois",bcaponi@cpr-stores.com,subscribed,CPR,(847) 748-7711
"2929 Broadway St, Unit 9, Mount Vernon, IL, United States, Illinois",repairs@cpr-mtvernon.com,subscribed,CPR,(618) 316-7373
"503 S Main St, Unit 2, Normal, IL, United States, Illinois",repairs@cpr-normal.com,subscribed,CPR,(309) 363-1374
"15864 South La Grange Rd, Suite D1A, Orland Park, IL, United States, Illinois",info@cpr-orlandpark.com,subscribed,CPR,(708) 349-2800
"742 E Dundee Rd, Palatine, IL, United States, Illinois",repairs@cpr-palatine.com,subscribed,CPR,(847) 873-1050
"8420 Knoxville Ave, STE C, Peoria, IL 61615",repairs@cpr-peoria.com,subscribed,CPR,(309) 208-3668
"7135 Central Ave, Skokie, IL, United States, Illinois",willy@cellphonerepair.com,subscribed,CPR,(847) 679-2772
"1918 Applewood Center Dr., Anderson, IN, United States, Indiana",repairs@cpr-andersonin.com,subscribed,CPR,(765) 356-4057
"102 N Grant St, Bloomington, IN, United States, Indiana",cellphonerepair.com/bloomington-in,subscribed,CPR,(812) 822-2182
"2438 E. 116th St, Carmel, IN, United States, Indiana",repairs@cpr-carmel.com,subscribed,CPR,(317) 993-3737
"5971 East 82nd Street,, Indianapolis, IN, United States, Indiana",repairs@cpr-castleton.com,subscribed,CPR,(317) 842-2000
"9711 E 116th St, #320, Fishers, IN, United States, Indiana",repairs@cpr-fishers.com,subscribed,CPR,(463) 207-1395
"427 W Coliseum Blvd, Fort Wayne, IN, United States, Indiana",repairs@cpr-ftwaynecoliseum.com,subscribed,CPR,(260) 333-9300
"5971 East 82nd Street,, Indianapolis, IN, United States, Indiana",repairs@cpr-castleton.com,subscribed,CPR,(317) 842-2000
"3820 W 80th Lane, Merrillville, IN, United States, Indiana",repairs@cpr-merrillville.com,subscribed,CPR,(219) 648-2926
"Page manager locations include United States, India",sales@geniuscpr.com,subscribed,CPR,(855) 349-2235
"804 E McGalliard Rd, Muncie, IN, United States, Indiana",repairs@cpr-muncie.com,subscribed,CPR,(765) 216-1784
"1406 E. Tipton St., Seymour, IN, United States, Indiana",repairs@cpr-seymour.com,subscribed,CPR,(812) 530-6209
"1310 S Duff Ave #106, Ames, IA, United States, Iowa",repairs@cpr-ames.com,subscribed,CPR,(515) 231-2720
"226 Brandilynn Blvd, Suite C, Cedar Falls, IA 50613",repairs@cpr-cedarfalls.com,subscribed,CPR,(319) 519-1776
"124 Collins Rd NE, Cedar Rapids, IA, United States, Iowa",repairs@cpr-cedarrapids.com,subscribed,CPR,(319) 731-1344
"2439 2nd St Suite 4, Coralville, IA, United States, Iowa",repairs@cpr-coralville.com,subscribed,CPR,(319) 248-9626
"806 Wacker Dr. #129, Dubuque, IA, United States, Iowa",repairs@cpr-dubuque.com,subscribed,CPR,(563) 562-2900
"2771 4th st sw, Mason City, IA, United States, Iowa",Repairs@cpr-masoncity.com,subscribed,CPR,(641) 430-7484
"216 5th St, West Des Moines, IA, United States, Iowa",repairs@cpr-westdesmoines.com,subscribed,CPR,(515) 829-7349
"626 Cherokee St, Leavenworth, KS, United States, Kansas",repairs@cpr-leavenworth.com,subscribed,CPR,(913) 547-5148
"111 S Mur-Len Rd, Olathe, KS, United States, Kansas",repairs@cpr-olathe.com,subscribed,CPR,(913) 286-5187
"13444 Metcalf Avenue, Overland Park, KS, United States, Kansas",repairs@cpr-overlandpark.com,subscribed,CPR,(913) 444-3432
"2813 SW Wanamaker Road, Topeka, KS, United States, Kansas",repairs@cpr-topekawest.com,subscribed,CPR,(785) 409-9106
"2616 North Maize Road, St 104, Wichita, KS, United States, Kansas",nparkplaza@cpr-stores.com,subscribed,CPR,(316) 999-9458
"3236 N Rock Rd., #180, Wichita, KS, United States, Kansas",repairs@cpr-wichita-northrock.com,subscribed,CPR,(316) 999-4750
"1785 Campbell Ln, Suite 200, Bowling Green, KY, United States, Kentucky",repairs@cpr-bowlinggreen.com,subscribed,CPR,(270) 846-7999
"213 East Broadway St, Campbellsville, KY, United States, Kentucky",repairs@cpr-campbellsville.com,subscribed,CPR,(270) 283-4768
"7753 Mall Rd, STE C, Florence, KY, United States, Kentucky",support@cpr-florence.com,subscribed,CPR,(859) 904-2044
"130 West Tiverton Way, Suite 120, Lexington, KY, United States, Kentucky",tiverton@cpr-ky.com,subscribed,CPR,(859) 303-6800
"3090 Helmsdale Place, Suite 330, Lexington, KY, United States, Kentucky",hamburg@cpr-ky.com,subscribed,CPR,(859) 264-0356
"3944 Taylorsville Rd, Louisville, KY, United States, Kentucky",hikespoint@cpr-ky.com,subscribed,CPR,(502) 931-1080
"12625B Shelbyville Rd, Louisville, KY, United States, Kentucky",middletown@cpr-ky.com,subscribed,CPR,(502) 614-7726
"3601 Frederica St, #4, Owensboro, KY, United States, Kentucky",repairs@cpr-owensboro.com,subscribed,CPR,(270) 685-1590
"330 Eastern Bypass, Suite 2, Richmond, KY, United States, Kentucky",repairs@cpr-richmond.com,subscribed,CPR,(859) 353-8485
"525 S Hwy 27, Suite 2, Somerset, KY, United States, Kentucky",somerset@cpr-stores.com,subscribed,CPR,(606) 703-5544
"7539 Corporate BLVD Suite 130, Baton Rouge, LA, United States, Louisiana",repairs@cpr-brtownecenter.com,subscribed,CPR,(225) 454-6851
"10129 Crossing Wy, Suite 402, Denham Springs, LA 70726",repairs@cpr-jubancrossing.com,subscribed,CPR,(225) 380-5050
"122 S Airline Hwy, Suite J, Gonzales, LA, United States, Louisiana",repairs@cpr-gonzales.com,subscribed,CPR,(225) 450-3099
"1823 SW Railroad Ave, Hammond, LA, United States, Louisiana",repairs@cpr-hammond.com,subscribed,CPR,(985) 662-9903
"1121 Manhattan Blvd, Suite B, Harvey, LA, United States, Louisiana",harvey@cpr-stores.com,subscribed,CPR,(504) 229-0229
"1539 Martin Luther King Blvd, Suite 5, Houma, LA, United States, Louisiana",houma@cpr-stores.com,subscribed,CPR,(985) 262-2966
"3809 Ambassador Caffery Pkwy, Suite 105-C, Lafayette, LA, United States, Louisiana",repairs@cpr-lafayette-thepark.com,subscribed,CPR,(337) 989-4454
"607 N Causeway Blvd, Mandeville, LA, United States, Louisiana",repairs@cpr-mandeville.com,subscribed,CPR,(985) 304-9455
"506 St Andrew St, New Orleans, LA, United States, Louisiana",neworleans901343@cpr-stores.com,subscribed,CPR,(504) 457-7544
"849 Stillwater Ave, Bangor, ME, United States, Maine",repairs@cpr-bangor.com,subscribed,CPR,(207) 990-2355
"160 Meadowood Drive, Suite 16, Winnipeg, MB, Canada, Manitoba",info@cpr-winnipeg.com,subscribed,CPR,+1 204-233-4277
"6504 America Boulevard, #101, Hyattsville, MD, United States, Maryland",repairs@cpr-hyattsville.com,subscribed,CPR,(301) 250-4133
"14440 Cherry Lane Ct., #115, Laurel, MD, United States, Maryland",laurel@cpr-stores.com,subscribed,CPR,(301) 923-4576
"800 Pleasant Drive, Suite 110, Rockville, MD, United States, Maryland",repairs@cpr-rockville.com,subscribed,CPR,(301) 719-2531
"219 Newbury St, Boston, MA, United States, Massachusetts",repairs@cpr-boston-backbay.com,subscribed,CPR,(617) 834-8134
"243 Washington Street, Boston, MA, United States, Massachusetts",repairs@cpr-boston-downtown.com,subscribed,CPR,(617) 573-0073
"11 Westgate Dr, Brockton, MA, United States, Massachusetts",awarsame@cpr-brockton.com,subscribed,CPR,(774) 517-5099
"333 N Main St, Davison, MI 48423",repairs@cpr-davison.com,subscribed,CPR,(810) 214-2929
"24309 Joy Rd, Dearborn Heights, MI, United States, Michigan",repairs@cpr-dearbornheights.com,subscribed,CPR,(313) 983-9839
"18046 Silver Pkwy, Fenton, MI, United States, Michigan",repairs@cpr-fenton.com,subscribed,CPR,(810) 936-4415
"4044 Corunna Rd, Flint, MI, United States, Michigan",repairs@cpr-flint.com,subscribed,CPR,(810) 221-1183
"33676 Ford Rd, Westland, MI, United States, Michigan",repairs@cpr-westland.com,subscribed,CPR,(734) 272-8222
"1250 County Rd 42 West, Burnsville, MN, United States, Minnesota",repairs@cpr-burnsville.com,subscribed,CPR,(952) 592-5264
"12689 Riverdale Blvd, Unit 204, Coon Rapids, MN, United States, Minnesota",repairs@cpr-coonrapids.com,subscribed,CPR,(763) 307-6951
"11611 Leona Rd., Suite B, Eden Prairie, MN, United States, Minnesota",repairs@cpr-edenprairie.com,subscribed,CPR,(952) 592-5327
"1003 S Pokegama Avenue, Grand Rapids, MN, United States, Minnesota",repairs@cpr-grandrapids.com,subscribed,CPR,(218) 256-8821
"806 Washington Ave. SE, Minneapolis, MN, United States, Minnesota",repairs@cpr-stadiumvillage.com,subscribed,CPR,(612) 509-1382
"12933 Ridgedale Dr, Minnetonka, MN, United States, Minnesota",repairs@CPR-Minnetonka.com,subscribed,CPR,(612) 446-0001
"16605 County Road 24, Suite 209, Plymouth, MN, United States, Minnesota",cpr.plymouthmn@gmail.com,subscribed,CPR,(763) 888-8122
"1300 5th St SE Suite A, Willmar, MN, United States, Minnesota",repairs@cpr-willmar.com,subscribed,CPR,(320) 444-6421
"323 Highway 80 East, Clinton, MS, United States, Mississippi",repairs@cpr-clinton.com,subscribed,CPR,(601) 488-4949
"2101 Virginia Lane, Corinth, MS, United States, Mississippi",repairs@cpr-corinth.com,subscribed,CPR,(662) 286-9039
"15007 Creosote Rd Ste B, Gulfport, MS, United States, Mississippi",cellphonerepair.com/gulfport-ms,subscribed,CPR,(228) 609-9798
"24 Cross Creek Pkwy, Suite 120, Hattiesburg, MS, United States, Mississippi",repairs@cpr-hattiesburg.com,subscribed,CPR,(601) 255-5332
"4800 Interstate 55 North Frontage Road Suite 14, Jackson, MS, United States, Mississippi",repairs@cpr-jackson.com,subscribed,CPR,(601) 665-4013
"3851 N Gloster St, Tupelo, MS, United States, Mississippi",contact@cpr-tupelo.com,subscribed,CPR,(662) 841-7855
"185 Watson Plaza, St. Louis, MO, United States, Missouri",repairs@cpr-crestwood.com,subscribed,CPR,(314) 966-1836
"794 Gravois Bluffs Blvd, Suite A, Fenton, MO, United States, Missouri",repairs@cpr-fentonmo.com,subscribed,CPR,(636) 600-0173
"376 Festus Centre Dr, Festus, MO, United States, Missouri",repairs@cpr-festus.com,subscribed,CPR,(636) 638-1222
"7701 NW Prairie View Rd, Kansas City, MO, United States, Missouri",repairs@cpr-nkansascity.com,subscribed,CPR,(816) 492-7331
"629 S Bishop Ave, Rolla, MO, United States, Missouri",rick@cpr-missouri.com,subscribed,CPR,(573) 426-2525
"1330 E. Battlefield Rd, Springfield, MO, United States, Missouri",repairs@cpr-springfieldmo.com,subscribed,CPR,(417) 765-0007
"7131 Mexico Road., Saint Peters, MO, United States, Missouri",repairs@cpr-stpeters.com,subscribed,CPR,(636) 352-0767
"1828 Wentzville Pkwy, Wentzville, MO, United States, Missouri",repairs@cpr-wentzville.com,subscribed,CPR,(636) 887-2516
"960 South 24th St West, Suite B, Billings, MT, United States, Montana",repairs@cpr-billings-24thst.com,subscribed,CPR,(406) 534-2547
"1327 Main St, #1A, Billings, MT, United States, Montana",repairs@cpr-billings-mainst.com,subscribed,CPR,(406) 206-3437
"200 South 23rd Ave, Suite E2, Bozeman, MT, United States, Montana",repairs@cpr-bozeman.com,subscribed,CPR,(406) 581-1197
"3865 South St, Lincoln, NE, United States, Nebraska",repairs@cpr-lincolnne.com,subscribed,CPR,(402) 600-0662
"2887 S 168th St, Omaha, NE, United States, Nebraska",repairs@cpr-omahawest.com,subscribed,CPR,(402) 933-7090
"183 N Gibson Rd, #170, Henderson, NV, United States, Nevada",repairs@cpr-henderson.com,subscribed,CPR,(702) 527-7473
"4990 W Craig Rd, Suite 12, Las Vegas, NV, United States, Nevada",repairs@cpr-lasvegas-craigrd.com,subscribed,CPR,(702) 675-4465
"7377 S Jones Blvd, #111, Las Vegas, NV, United States, Nevada",repairs@cpr-lasvegassouth.com,subscribed,CPR,(702) 488-4222
"1750 N. Buffalo Dr., Unit 111, Las Vegas, NV, United States, Nevada",repairs@cpr-summerlin.com,subscribed,CPR,(702) 848-1555
"2315 E Cheyenne Ave, #115, North Las Vegas, NV, United States, Nevada",repairs@cpr-northlasvegas.com,subscribed,CPR,(702) 550-9999
"175 Damonte Ranch Pkwy, Suite B, Reno, NV, United States, Nevada",dpreston@cpr-stores.com,subscribed,CPR,(775) 786-2355
"7 Colby Ct, Unit 2, Bedford, NH, United States, New Hampshire",bedfordnh@cpr-stores.com,subscribed,CPR,(603) 473-4628
"375 Amherst Street, Nashua, NH, United States, New Hampshire",nashuanh@cpr-stores.com,subscribed,CPR,(603) 505-4882
"1465 Woodbury Ave, Suite 9, Portsmouth, NH, United States, New Hampshire",portsmouthnh@cpr-stores.com,subscribed,CPR,(603) 686-7123
"227 North Broadway, Salem, NH, United States, New Hampshire",salemnh@cpr-stores.com,subscribed,CPR,(603) 609-0757
"1509 Rt 38, Ste 7, Hainesport, NJ, United States, New Jersey",hainesport@cpr-stores.com,subscribed,CPR,(856) 548-6252
"4150 Route 9 South, Howell, NJ, United States, New Jersey",Repairs@cpr-howell.com,subscribed,CPR,(732) 534-9965
"103 3rd Ave., Unit B, Neptune City, NJ, United States, New Jersey",Repairs@cpr-neptunecity.com,subscribed,CPR,(732) 455-5153
"1225 US-206, Princeton, NJ, United States, New Jersey",repairs@cpr-princetonnorth.com,subscribed,CPR,(609) 454-2024
"8100 Wyoming Blvd NE, Suite M5, Albuquerque, NM, United States, New Mexico",repairs@cpr-albuquerque.com,subscribed,CPR,(505) 821-2355
"10701 Corrales Rd, Suite 26E, Albuquerque, NM, United States, New Mexico",repairs@cpr-abqcorrales.com,subscribed,CPR,(505) 916-0073
"2529 San Mateo Blvd NE Suite 11, Albuquerque, NM, United States, New Mexico",repairs@cpr-albuquerque-sanmateo.com,subscribed,CPR,(505) 881-4023
"3555 E Main Street, Suite B, Farmington, NM, United States, New Mexico",repairs@cpr-farmington.com,subscribed,CPR,(505) 327-7312
"590 S Solano Dr #B, Las Cruces, NM, United States, New Mexico",repairs@cpr-lascruces.com,subscribed,CPR,(575) 527-1515
"4250 Cerrillos Rd, Santa Fe, NM, United States, New Mexico",repairs@cpr-santafe.com,subscribed,CPR,(505) 424-2277
"45 Merrick Rd., Amityville, NY, United States, New York",repairs@cpr-longisland.com,subscribed,CPR,(631) 586-9584
3230 Steinway St,repairs@cpr-astoria.com,subscribed,CPR,(718) 806-1486
"37 Pine St, Binghamton, NY, United States, New York",repairs@cpr-binghamton.com,subscribed,CPR,(607) 235-5216
"125 N Broadway, Hicksville, NY, United States, New York",hicksville@cpr-stores.com,subscribed,CPR,(516) 350-0777
"809 East Jericho Turnpike, Huntington Station, NY, United States, New York",huntingtonstation@cpr-stores.com,subscribed,CPR,(631) 223-3287
"147-40 Jamaica Ave, Jamaica, NY, United States, New York",repairs@cpr-jamaica.com,subscribed,CPR,(516) 756-9430
"318 Oswego St, Liverpool, NY, United States, New York",repairs@cpr-liverpool.com,subscribed,CPR,(315) 693-6037
"1824 Merrick Rd, Ste B, Merrick, NY, United States, New York",merrick@cpr-stores.com,subscribed,CPR,(516) 379-7979
"4848 Commercial Dr., New Hartford, NY, United States, New York",repairs@cpr-newhartford.com,subscribed,CPR,(315) 864-8127
"1486C Deer Park Avenue, North Babylon, NY, United States, New York",northbabylon@cpr-stores.com,subscribed,CPR,(631) 392-0367
"247-22 S Conduit Ave, Rosedale, NY, United States, New York",repairs@cpr-rosedale.com,subscribed,CPR,(516) 518-3968
"27 Spring Valley Market Pl, Spring Valley, NY, United States, New York",springvalley@cpr-stores.com,subscribed,CPR,(845) 328-4756
"145 Marshall St, Syracuse, NY, United States, New York",repairs@cpr-syracuse.com,subscribed,CPR,(315) 422-4277
"1234 US 9, Wappingers Falls, NY, United States, New York",repair@cpr-wappingersfalls.com,subscribed,CPR,(845) 296-1047
"2241 Central Park Avenue, Yonkers, NY, United States, New York",yonkersne@cpr-stores.com,subscribed,CPR,(914) 201-2770
"4125 Durham Chapel Hill Blvd Suite 7, Durham, NC, United States, North Carolina",repairs@cpr-durham-southsquare.com,subscribed,CPR,(919) 489-5252
"926 Brighton Rd, Fayetteville, NC, United States, North Carolina",repairs@cpr-fayetteville-raefordrd.com,subscribed,CPR,(910) 491-0987
"2230 East Franklin Blvd., Suite 120, Gastonia, NC, United States, North Carolina",repairs@cpr-gastonia.com,subscribed,CPR,(704) 999-6253
"212 S Berkeley Blvd, Goldsboro, NC, United States, North Carolina",repairs@cpr-goldsboro.com,subscribed,CPR,(919) 344-3987
"2403 Battleground Ave, Suite #4, Greensboro, NC, United States, North Carolina",store@cpr-highpoint.com,subscribed,CPR,(336) 559-4355
"2276 US Hwy 70 SE, Hickory, NC, United States, North Carolina",store@cpr-hickory.com,subscribed,CPR,(828) 855-3465
"612 Indian Trail Rd South, Indian Trail, NC, United States, North Carolina",repairs@cpr-indiantrail.com,subscribed,CPR,(704) 254-1625
"4200 Western Blvd, Suite 135, Jacksonville, NC, United States, North Carolina",estimates@cpr-jacksonvillenc.com,subscribed,CPR,(910) 526-0166
"1720 Windsor Square Dr., Matthews, NC, United States, North Carolina",repairs@cpr-matthewsnc.com,subscribed,CPR,(980) 262-3264
"516 River Highway, Suite E, Mooresville, NC, United States, North Carolina",store@cpr-mooresville.com,subscribed,CPR,(704) 360-2835
"3004 Wake Forest Road, Suite 102, Raleigh, NC, United States, North Carolina",repairs@cpr-raleighmidtown.com,subscribed,CPR,(984) 232-8586
"1506-3 E Dixon Blvd., Shelby, NC, United States, North Carolina",repairs@cpr-shelby.com,subscribed,CPR,(980) 404-0116
"1840 Hendersonville Rd., Ste 102, Asheville, NC, United States, North Carolina",repairs@cpr-asheville.com,subscribed,CPR,(828) 785-1585
"4401 Oleander Drive, Suite F, Wilmington, NC, United States, North Carolina",estimates@cpr-wilmington.com,subscribed,CPR,(910) 463-9858
"268 S. Stratford Road, Winston-Salem, NC, United States, North Carolina",store@cpr-winston-salem.com,subscribed,CPR,(336) 930-9892
"4501 15th Ave S., Fargo, ND, United States, North Dakota",repairs@cpr-fargo.com,subscribed,CPR,(701) 364-5527
"1003 S Washington St, Suite A, Grand Forks, ND, United States, North Dakota",repairs@cpr-grandforks.com,subscribed,CPR,(701) 757-1899
"2855 W Market Street, Ste 115, Akron, OH, United States, Ohio",repairs@cpr-fairlawn.com,subscribed,CPR,(234) 466-0425
"8460 Beechmont Ave, Cincinnati, OH, United States, Ohio",repairs@cpr-beechmont.com,subscribed,CPR,(513) 620-8183
"70 Boardman Poland Road, Boardman, OH, United States, Ohio",repairs@cpr-boardman.com,subscribed,CPR,(330) 707-4383
"6593 Glenway Ave, Cincinnati, OH, United States, Ohio",bridgetown@cpr-stores.com,subscribed,CPR,(513) 442-4277
"1426 N. High St, Columbus, OH, United States, Ohio",repairs@cpr-columbus.com,subscribed,CPR,(614) 350-3130
"320 N Wooster Ave Suite C, Dover, OH, United States, Ohio",repairs@cpr-doveroh.com,subscribed,CPR,(330) 440-6864
"2011 Tiffin Ave, Findlay, OH, United States, Ohio",repairs@cpr-findlay.com,subscribed,CPR,(567) 525-5049
"371 Stoneridge Lane, Gahanna, OH, United States, Ohio",repairs@cpr-gahanna.com,subscribed,CPR,(614) 665-8198
"781 East Aurora Road, Macedonia, OH, United States, Ohio",repairs@cpr-macedonia.com,subscribed,CPR,(234) 808-4392
"450 Pike St, Suite H, Marietta, OH, United States, Ohio",repairs@cpr-marietta.com,subscribed,CPR,(740) 374-7300
"6261 Youngstown Warren Rd, Unit 160, Niles, OH, United States, Ohio",repairs@cpr-niles.com,subscribed,CPR,(330) 349-4979
"17270 Royalton Rd., Strongsville, OH, United States, Ohio",repairs@cpr-strongsville.com,subscribed,CPR,(440) 762-6875
"7751 Cox Lane, West Chester, OH, United States, Ohio",repairs@cpr-westchester.com,subscribed,CPR,(513) 779-7000
"309 S Bryant Ave, Suite 140, Edmond, OK, United States, Oklahoma",repairs@cpr-okc.com,subscribed,CPR,(405) 471-6464
"1028 NW 38th St, Lawton, OK, United States, Oklahoma",repairs@cpr-lawton.com,subscribed,CPR,(580) 574-5612
"480 24th Ave NW, Suite 170, Norman, OK, United States, Oklahoma",repairs@cpr-norman.com,subscribed,CPR,(405) 701-8321
"1704 Belle Isle Blvd, Suite B, Oklahoma City, OK, United States, Oklahoma",repairs@cpr-okc.com,subscribed,CPR,(405) 767-9400
"505 N. 14th St., Suite B, Ponca City, OK, United States, Oklahoma",repairs@cpr-poncacity.com,subscribed,CPR,(580) 749-5371
"2003 N Harrison St, Shawnee, OK, United States, Oklahoma",repairs@cpr-shawnee.com,subscribed,CPR,(405) 214-0060
"1120 N. Duck St, Suite H, Stillwater, OK, United States, Oklahoma",repairs@cpr-stillwater.com,subscribed,CPR,(405) 372-7025
"185 King George Rd., A2, Brantford, ON, Canada, Ontario",repairs@cpr-brantford.com,subscribed,CPR,+1 519-304-3550
190 Queens Plate Dr. #B-5,repairs@cpr-etobicoke-woodbine.com,subscribed,CPR,+1 416-740-3334
"216 Oak Park Blvd, Suite 115, Oakville, ON, Canada, Ontario",akhan@cpr-stores.com,subscribed,CPR,+1 905-582-5444
"9 Southdale Road E., Unit 3, London, ON, Canada, Ontario",repairs@cpr-southlondon.com,subscribed,CPR,+1 548-689-9948
"295 Fourth Ave, Unit C3, Saint Catharines, ON, Canada, Ontario",stcatharines@cpr-stores.com,subscribed,CPR,+1 905-682-7788
"3200 Dufferin Street, Unit 14B, Toronto, ON, Canada, Ontario",repairs@cprstore-toronto.com,subscribed,CPR,+1 647-748-2355
"65 University Ave. E, Waterloo, ON, Canada, Ontario",repairs@cpr-waterloo.com,subscribed,CPR,+1 519-804-2150
"10761 SW Beaverton-Hillsdale Hwy, Beaverton, OR, United States, Oregon",cprbeaverton@cpr-oregon.com,subscribed,CPR,(971) 999-3577
"11350 SE 82nd Ave., #305, Happy Valley, OR, United States, Oregon",repairs@cpr-clackamas.com,subscribed,CPR,(971) 265-8728
"495 W. 7th Ave., Suite 200, Eugene, OR, United States, Oregon",repairs@cpr-eugene.com,subscribed,CPR,(541) 914-1230
"Lake Oswego, OR, United States, Oregon",info.devicedoctors@gmail.com,subscribed,CPR,(503) 451-3413
"1090 Lancaster Dr NE, Salem, OR, United States, Oregon",repairs@cpr-salem-northeast.com,subscribed,CPR,(503) 723-5549
"1907 Rotunda Drive, Unit E 105, Erie, PA, United States, Pennsylvania",repairs@cpr-erie.com,subscribed,CPR,(814) 868-3000
"5105 State Route 30 Suite B, Greensburg, PA, United States, Pennsylvania",repairs@cpr-greensburg.com,subscribed,CPR,(878) 295-8351
"2140 E State St, Hermitage, PA, United States, Pennsylvania",repairs@cpr-hermitage.com,subscribed,CPR,(724) 979-6050
"348 W Dekalb Pike, King of Prussia, PA, United States, Pennsylvania",info@cpr-kingofprussia.com,subscribed,CPR,(610) 989-7527
"2000 Columbia Ave, Lancaster, PA, United States, Pennsylvania",repairs@cpr-lancaster.com,subscribed,CPR,(717) 947-4414
"4031 William Penn Hwy, Monroeville, PA, United States, Pennsylvania",repairs@cpr-monroeville.com,subscribed,CPR,(412) 313-5257
"223 Shoemaker Rd, Suite 137, Pottstown, PA, United States, Pennsylvania",repairs@cpr-pottstown.com,subscribed,CPR,(610) 412-9822
"504 East Lancaster Avenue, Suite B8, Shillington, PA, United States, Pennsylvania",repairs@cpr-shillington.com,subscribed,CPR,(484) 509-5571
"2 N 5 Points Rd, West Chester, PA, United States, Pennsylvania",repairs@cpr-westchesterpa.com,subscribed,CPR,(484) 402-6561
"2607 Easton Rd, Willow Grove, PA, United States, Pennsylvania",info@cpr-horsham.com,subscribed,CPR,(484) 592-4104
"1812 State Hill Road, Wyomissing, PA, United States, Pennsylvania",repairs@cpr-wyomissing.com,subscribed,CPR,(610) 921-0232
"850 boul. Firestone Suite 109, Joliette, QC, Canada, Quebec",info@cpr-joliette.com,subscribed,CPR,+1 450-755-1727
"1655 Bd Alphonse-Desjardins, suite 140, LŽvis, QC G6V 0B7",info@rcr-levis.com,subscribed,CPR,+1 418-603-2355
"3553 Richland Ave W, Suite 136, Aiken, SC, United States, South Carolina",repairs@cpr-aiken.com,subscribed,CPR,(803) 226-9199
"129 Burton Hill Rd Unit N, Beaufort, SC, United States, South Carolina",repairs@cpr-beaufort.com,subscribed,CPR,(843) 593-9033
"821 Orleans Road, Unit 107, Charleston, SC, United States, South Carolina",repairs@cpr-charlestonsc.com,subscribed,CPR,(843) 212-0887
"3255 N. Pleasantburg Drive, Greenville, SC, United States, South Carolina",repairs@cpr-cherrydale.com,subscribed,CPR,(864) 282-9097
"735 Saturn Parkway, Columbia, SC, United States, South Carolina",repairs@cpr-columbia.com,subscribed,CPR,(803) 851-3255
"117 Rivertown Blvd., Suite C, Conway, SC, United States, South Carolina",Repairs@cpr-Conway.com,subscribed,CPR,(843) 772-0159
"515 Bypass 72 NW, Suite A1, Greenwood, SC, United States, South Carolina",repairs@cpr-greenwoodsc.com,subscribed,CPR,(864) 223-6373
"1485 N Highway 17, Unit I, Mount Pleasant, SC, United States, South Carolina",repairs@cpr-mtpleasant.com,subscribed,CPR,(843) 936-7000
"1000 S Commons Dr, Unit 103, Myrtle Beach, SC, United States, South Carolina",repairs@cpr-myrtlebeach.com,subscribed,CPR,(843) 920-0104
"739 Galleria Blvd, Ste 104, Rock Hill, SC, United States, South Carolina",repairs@cpr-rockhill.com,subscribed,CPR,(803) 909-2277
"1450 WO Ezell Blvd, Suite 1100, Spartanburg, SC, United States, South Carolina",janet@cpr-columbia.com,subscribed,CPR,(864) 576-3524
"1317 N Main St., Suite C-8, Summerville, SC, United States, South Carolina",repairscprsummerville@gmail.com,subscribed,CPR,(843) 410-5571
"317 W Wesmark Blvd, Sumter, SC, United States, South Carolina",repairs@cpr-sumter.com,subscribed,CPR,(803) 607-9056
"506 Gervais St., Columbia, SC, United States, South Carolina",repairs@cpr-vista.com,subscribed,CPR,(803) 779-5300
"1604 W 41st St, Sioux Falls, SD, United States, South Dakota",repairs@cpr-siouxfalls-south.com,subscribed,CPR,(605) 674-6753
"276 Gill St, Alcoa, TN, United States, Tennessee",repairs@cpr-alcoa.com,subscribed,CPR,(865) 980-8448
"1665 Bonnie Ln, Suite 102, Memphis, TN, United States, Tennessee",cordova@cpr-stores.com,subscribed,CPR,(901) 509-8890
"7 Stonebridge Blvd, Suite B, Jackson, TN, United States, Tennessee",repairs@cpr-jacksontn.com,subscribed,CPR,(731) 215-0772
"509 N State of Franklin Rd., #5, Johnson City, TN, United States, Tennessee",repairs@cpr-johnsoncity.com,subscribed,CPR,(423) 328-3732
"5073 Park Ave, Memphis, TN, United States, Tennessee",repairs@cpr-olivebranch.com,subscribed,CPR,(901) 552-3916
"2441 Old Fort Parkway, Suite B, Murfreesboro, TN, United States, Tennessee",repairs@cpr-murfreesboro.com,subscribed,CPR,(615) 881-8888
"2430 Teaster Ln, Pigeon Forge, TN, United States, Tennessee",repairs@cpr-pigeonforge.com,subscribed,CPR,(865) 366-3303
"4495 Kingston Pike, Knoxville, TN, United States, Tennessee",repairs@cpr-sequoyahhills.com,subscribed,CPR,(865) 249-6678
"3555 E Main Street, Suite B, Farmington, NM, United States, New Mexico",repairs@cpr-farmington.com,subscribed,CPR,(505) 327-7312
"990 S University Ave, Provo, UT, United States, Utah",provo901344@cpr-stores.com,subscribed,CPR,(801) 900-4766
"4091 Riverdale Rd, Suite 4, Riverdale, UT, United States, Utah",riverdale@cpr-stores.com,subscribed,CPR,(385) 289-1189
"10384 S River Heights Dr, Suite 100, South Jordan, UT, United States, Utah",southjordan@cpr-stores.com,subscribed,CPR,(801) 900-6424
"2723 W 3500 S, West Valley City, UT, United States, Utah",westvalley@cpr-stores.com,subscribed,CPR,(801) 900-5499
"801 Volvo Pkwy, Suite 134, Chesapeake, VA, United States, Virginia",joe@cpr-norfolk.com,subscribed,CPR,(757) 835-3901
"11530 Midlothian Turnpike, 1B, Richmond, VA, United States, Virginia",repairs@cpr-chesterfield.com,subscribed,CPR,(804) 424-5598
"3825 S George Mason Dr. Suite J, Falls Church, VA, United States, Virginia",mmobile2112@gmail.com,subscribed,CPR,(703) 998-3001
"152 South St, Farmville, VA, United States, Virginia",repairs@cpr-farmville.com,subscribed,CPR,(434) 231-4949
"10877 West Broad Street, Glen Allen, VA, United States, Virginia",repairs@cpr-glenallen-shortpump.com,subscribed,CPR,(804) 373-3111
"1814 Todds Lane, Suite D, Hampton, VA, United States, Virginia",store@cpr-hampton.com,subscribed,CPR,(757) 997-6723
"13109 Rittenhouse Drive, Midlothian, VA, United States, Virginia",repairs@cpr-midlothian.com,subscribed,CPR,(804) 656-5608
"5802 E Virginia Beach Blvd, Suite 145, Norfolk, VA, United States, Virginia",joe@cpr-norfolk.com,subscribed,CPR,(757) 993-4687
"4006 Victory Blvd, Suite A, Portsmouth, VA, United States, Virginia",joe@cpr-norfolk.com,subscribed,CPR,(757) 979-3563
"7054 Spring Garden Dr, Springfield, VA 22150",repairs@cpr-springfieldva.com,subscribed,CPR,(703) 451-5581
"869 Lynnhaven Parkway, Suite 111, Virginia Beach, VA, United States, Virginia",joe@cpr-norfolk.com,subscribed,CPR,(757) 280-2764
"193 Ridgeview Rd SW, Wise, VA, United States, Virginia",repairs@cpr-wise.com,subscribed,CPR,(276) 328-3249
"3930 Meridian Street., Suite 104, Bellingham, WA, United States, Washington",repairs@cpr-bellingham.com,subscribed,CPR,(360) 492-2683
"21920 76th Ave West, Edmonds, WA, United States, Washington",repairs@cpr-lynnwood.com,subscribed,CPR,(425) 412-3596
"206 West 3rd Ave, Moses Lake, WA, United States, Washington",repairs@cpr-moseslake.com,subscribed,CPR,(509) 855-5333
"10600 Silverdale Way NW, Suite D, Silverdale, WA, United States, Washington",repairs@cpr-silverdale.com,subscribed,CPR,(360) 286-2410
"1205 SE Everett Mall Way, Suite C, Everett, WA, United States, Washington",repairs@cpr-southeverett.com,subscribed,CPR,(425) 510-5792
"9502 N Newport Highway, Suite 2, Spokane, WA, United States, Washington",repairs@cpr-spokanenorth.com,subscribed,CPR,(509) 960-8947
"2924 South Regal St, Spokane, WA, United States, Washington",repairs@cpr-spokanesouth.com,subscribed,CPR,(509) 863-9413
"3032 Champion Dr, Barboursville, WV, United States, West Virginia",repairs@cpr-barboursville.com,subscribed,CPR,(304) 733-4030
"1032 N Eisenhower Dr, Beckley, WV, United States, West Virginia",repairs@cpr-beckley.com,subscribed,CPR,(681) 207-2392
"8000 Jerry Dove Drive, Suite 107, Bridgeport, WV, United States, West Virginia",repairs@cpr-bridgeport.com,subscribed,CPR,(304) 842-6077
"903 3rd Ave, Huntington, WV, United States, West Virginia",repairs@cpr-huntington.com,subscribed,CPR,(304) 523-2886
"119 Prosperity Lane, Suite A, Logan, WV, United States, West Virginia",repairs@cpr-logan.com,subscribed,CPR,(304) 896-2504
"1020 Suncrest Towne Centre Drive, Morgantown, WV, United States, West Virginia",repairs@cpr-morgantown.com,subscribed,CPR,(304) 241-1289
"308 Southridge Blvd, South Charleston, WV, United States, West Virginia",Repairs@cpr-charleston.com,subscribed,CPR,(304) 400-4818
"963 National Rd, Wheeling, WV, United States, West Virginia",Steven.rodden4308@gmail.com,subscribed,CPR,(304) 232-1470
"2270 Badger Dr, Hudson, WI, United States, Wisconsin",repairs@cpr-hudson.com,subscribed,CPR,(715) 808-8568
"1424 W. Mequon Road, Suite E, Mequon, WI, United States, Wisconsin",repairs@cpr-mequon.com,subscribed,CPR,(262) 643-4022
